homeaddress,homecity,homestate,homezip,homephone
35711 Corry Avenue,Philadelphia,Pennsylvania,19136,8-(369)465-8602
4466 Arapahoe Street,Midland,Texas,79705,3-(760)819-3217
38986 Orin Pass,Newport Beach,California,92662,6-(964)598-8177
52 Amoth Alley,Salt Lake City,Utah,84145,4-(872)255-0442
9882 Shelley Trail,Washington,District of Columbia,20016,5-(554)827-5713
70 Stuart Way,Huntington,West Virginia,25721,1-(537)579-7899
36563 Pond Park,Macon,Georgia,31205,3-(479)447-9207
27233 Lake View Junction,Denver,Colorado,80204,6-(517)169-8203
5621 Huxley Point,New Orleans,Louisiana,70160,0-(172)346-2685
8 Spaight Crossing,Pensacola,Florida,32526,1-(835)140-6140
6 Gerald Court,Portland,Oregon,97296,7-(637)035-3838
10 Burrows Road,Fresno,California,93704,2-(554)650-1746
576 Bayside Crossing,Atlanta,Georgia,31106,1-(823)363-2519
58 Vahlen Center,Erie,Pennsylvania,16522,5-(710)279-7613
00782 Morrow Circle,Syracuse,New York,13210,8-(820)657-9451
761 6th Junction,Madison,Wisconsin,53726,0-(009)289-0991
5005 Talmadge Parkway,Topeka,Kansas,66667,9-(336)417-1587
132 Morningstar Lane,Dallas,Texas,75241,0-(306)072-4151
1620 Cardinal Road,Charlotte,North Carolina,28299,8-(310)266-1780
3404 Helena Pass,Punta Gorda,Florida,33982,1-(680)857-3672
6 Bashford Crossing,Philadelphia,Pennsylvania,19196,0-(567)438-8366
42 Anderson Road,Los Angeles,California,90060,1-(199)385-8827
7 Riverside Junction,Mobile,Alabama,36622,5-(073)765-8500
4 Homewood Drive,Erie,Pennsylvania,16534,3-(786)062-5344
010 Barby Center,San Diego,California,92127,9-(222)951-9447
963 Village Green Way,Boynton Beach,Florida,33436,8-(583)155-8050
09 Dunning Drive,Youngstown,Ohio,44505,6-(026)926-1743
16072 Jackson Parkway,Saginaw,Michigan,48609,2-(472)389-8486
76 Hintze Road,Marietta,Georgia,30066,8-(911)242-8924
77 Springview Alley,San Jose,California,95123,9-(705)949-6596
72 Dottie Drive,West Palm Beach,Florida,33405,6-(092)092-2040
6229 Westend Crossing,Lexington,Kentucky,40510,1-(702)403-3784
87 Glacier Hill Circle,Portland,Oregon,97271,3-(051)747-9030
6 Dawn Point,Pompano Beach,Florida,33069,3-(549)982-1688
6798 Arkansas Trail,Tampa,Florida,33686,3-(260)631-8500
825 Graceland Pass,Decatur,Illinois,62525,4-(005)027-7319
53839 Dexter Center,Erie,Pennsylvania,16534,7-(666)257-5268
7 Tennessee Junction,Marietta,Georgia,30061,3-(089)161-8681
8834 Sugar Drive,Oklahoma City,Oklahoma,73197,0-(414)591-8487
887 Marquette Parkway,Sarasota,Florida,34233,0-(995)626-4830
5361 Shelley Place,Saint Paul,Minnesota,55103,6-(624)005-6829
38 Butterfield Plaza,Wichita,Kansas,67236,8-(976)192-5668
1934 Buena Vista Junction,Houston,Texas,77228,0-(519)533-8307
47 Westend Way,Hayward,California,94544,7-(779)425-9522
33 Paget Parkway,Bradenton,Florida,34282,4-(676)554-4683
7 Laurel Terrace,Las Vegas,Nevada,89150,5-(665)360-4954
4 Rowland Crossing,Kansas City,Missouri,64142,9-(400)976-3226
0 Forest Run Center,Shawnee Mission,Kansas,66276,9-(807)178-7630
9 Arkansas Terrace,Richmond,Virginia,23277,9-(877)426-6860
2481 Harbort Junction,Springfield,Massachusetts,01152,1-(950)553-8806
574 Eagle Crest Point,Fort Lauderdale,Florida,33330,3-(637)936-0953
5224 Hoard Pass,Buffalo,New York,14269,9-(541)600-3947
6734 Mallory Junction,Virginia Beach,Virginia,23471,3-(590)907-6138
11 Goodland Place,Duluth,Georgia,30195,4-(638)281-7865
896 Shoshone Avenue,Wichita,Kansas,67215,0-(041)046-2371
301 Aberg Court,Washington,District of Columbia,20010,9-(533)022-1822
10 Buell Hill,Sioux Falls,South Dakota,57188,5-(873)516-3739
82 Continental Place,El Paso,Texas,79923,4-(196)132-2283
85 Stephen Crossing,Henderson,Nevada,89012,2-(198)980-4579
89705 David Place,Miami,Florida,33142,4-(211)518-6657
63113 Roxbury Way,New York City,New York,10079,9-(719)594-9182
7 Anzinger Alley,Sacramento,California,94207,7-(151)227-5289
0070 Morrow Place,Memphis,Tennessee,38119,1-(279)054-5530
30931 Grover Road,Boulder,Colorado,80305,7-(463)907-2207
713 Rutledge Street,Colorado Springs,Colorado,80910,6-(133)697-2685
9 Bartillon Park,Houston,Texas,77288,1-(778)070-6805
4 Melody Junction,Vero Beach,Florida,32964,5-(040)013-4294
15259 6th Place,Stamford,Connecticut,06922,0-(581)876-3096
09215 Glendale Plaza,Fort Smith,Arkansas,72905,1-(895)604-7139
118 Hansons Terrace,Saint Paul,Minnesota,55103,3-(690)544-2456
67 Pepper Wood Hill,Milwaukee,Wisconsin,53205,0-(624)581-6598
83028 Hollow Ridge Center,Naples,Florida,33963,6-(959)657-7672
202 Northfield Avenue,Louisville,Kentucky,40298,2-(128)436-5796
0 Westridge Park,Springfield,Missouri,65898,8-(269)794-2542
08696 Helena Trail,New York City,New York,10175,9-(830)764-0899
0 Loeprich Drive,Pittsburgh,Pennsylvania,15225,6-(556)336-3984
994 Anzinger Court,Huntington,West Virginia,25775,9-(637)559-7772
0 Lindbergh Point,Berkeley,California,94705,3-(797)226-1282
96237 Harbort Crossing,Bronx,New York,10474,6-(932)914-3140
998 Longview Trail,Amarillo,Texas,79182,8-(328)102-7271
2204 Lake View Crossing,Dallas,Texas,75265,2-(723)171-4680
767 Meadow Valley Center,Orlando,Florida,32868,3-(047)752-4823
6 Eastwood Street,Chicago,Illinois,60663,7-(532)770-2890
46308 Village Green Hill,Fort Worth,Texas,76192,6-(295)482-1363
04 Sutherland Drive,Roanoke,Virginia,24048,7-(990)895-9373
8624 Del Mar Street,San Francisco,California,94126,5-(318)250-8970
76925 Blaine Place,Torrance,California,90505,6-(084)494-2286
74609 Forest Dale Pass,Birmingham,Alabama,35231,5-(287)249-1682
66548 Nobel Avenue,Fort Worth,Texas,76134,2-(589)596-7984
09 Golf Plaza,Tampa,Florida,33625,7-(226)948-2455
04 Evergreen Park,Dallas,Texas,75387,5-(684)570-7772
5852 Eastlawn Drive,Chicago,Illinois,60636,8-(188)094-9927
8 Coolidge Drive,Greensboro,North Carolina,27425,7-(634)003-5786
5 Lyons Crossing,Idaho Falls,Idaho,83405,6-(117)033-7237
5286 Redwing Avenue,Toledo,Ohio,43605,7-(817)987-9858
953 Kinsman Place,Washington,District of Columbia,20575,8-(885)161-7229
06 Waxwing Point,Phoenix,Arizona,85015,1-(877)899-9269
9 Eagan Road,Fort Wayne,Indiana,46867,5-(728)332-0237
92 Loomis Point,Seattle,Washington,98195,1-(969)044-8776
286 Moulton Road,Richmond,Virginia,23293,8-(808)428-9605
2 Reinke Avenue,Phoenix,Arizona,85062,4-(549)699-8087
4 Cascade Parkway,Seattle,Washington,98195,9-(307)190-9886
48 Pine View Alley,Youngstown,Ohio,44555,4-(951)237-0712
0 Glendale Hill,Phoenix,Arizona,85083,5-(775)410-4746
92 Magdeline Pass,Buffalo,New York,14276,2-(794)903-3801
4 Longview Trail,Canton,Ohio,44720,3-(943)206-2285
70233 Main Trail,Katy,Texas,77493,8-(163)465-3814
580 Butternut Pass,Detroit,Michigan,48217,3-(094)400-7024
59 Green Parkway,Des Moines,Iowa,50936,3-(967)483-1820
34582 Bellgrove Trail,Austin,Texas,78749,3-(278)424-4620
982 Sutteridge Point,Shreveport,Louisiana,71166,8-(658)290-0015
6288 John Wall Crossing,Seattle,Washington,98175,8-(415)440-9711
4 Eggendart Street,Baton Rouge,Louisiana,70836,8-(598)338-1936
1999 Mayfield Lane,Virginia Beach,Virginia,23459,7-(806)319-6314
8 Cardinal Pass,Oklahoma City,Oklahoma,73119,1-(077)661-1857
38811 Manitowish Place,Waltham,Massachusetts,02453,2-(947)016-6132
8675 Fairfield Place,Alexandria,Virginia,22313,1-(695)581-3298
8 Emmet Point,Spokane,Washington,99210,7-(953)034-8580
62 Doe Crossing Junction,El Paso,Texas,88584,6-(439)421-9174
37639 Eliot Pass,Lancaster,Pennsylvania,17605,4-(027)533-8666
58 Eagan Lane,Joliet,Illinois,60435,3-(391)237-9028
04 Annamark Trail,Denver,Colorado,80279,2-(574)628-1721
0 Del Sol Parkway,Bethesda,Maryland,20816,9-(057)813-9736
5 Shoshone Plaza,San Francisco,California,94147,5-(298)069-4402
035 Northfield Place,Philadelphia,Pennsylvania,19196,2-(640)844-5796
97 Hermina Park,Valley Forge,Pennsylvania,19495,3-(760)627-1758
4298 Crownhardt Street,Olympia,Washington,98516,5-(538)710-3735
907 Dayton Circle,Pittsburgh,Pennsylvania,15286,2-(766)551-3302
68 Cordelia Terrace,Milwaukee,Wisconsin,53263,5-(400)434-3502
12 Paget Pass,Palm Bay,Florida,32909,1-(462)366-5604
0 Buhler Terrace,Atlanta,Georgia,31132,6-(926)627-0643
8488 Stang Center,Migrate,Kentucky,41905,7-(905)828-6679
7524 Walton Avenue,Phoenix,Arizona,85005,6-(710)295-0566
16 Stuart Plaza,Houston,Texas,77005,0-(478)651-9419
8044 Northland Pass,Anchorage,Alaska,99599,8-(793)366-8950
0722 Prairie Rose Park,Philadelphia,Pennsylvania,19172,0-(610)725-7269
07 Brickson Park Road,Olympia,Washington,98506,2-(313)206-2138
5815 Walton Alley,Charlotte,North Carolina,28242,3-(941)269-2931
45198 Green Road,Augusta,Georgia,30905,3-(318)707-8784
413 Pennsylvania Court,Pittsburgh,Pennsylvania,15255,3-(942)255-3162
4 Linden Court,Denver,Colorado,80249,1-(806)035-1325
17911 Division Junction,Irvine,California,92619,2-(714)770-8415
92359 Schmedeman Crossing,Rochester,New York,14609,0-(504)065-0724
91928 Londonderry Crossing,San Bernardino,California,92424,7-(742)621-5372
1478 Gateway Court,Boise,Idaho,83757,1-(477)984-0961
3051 Old Gate Park,Mountain View,California,94042,9-(503)672-0574
26 Coleman Way,El Paso,Texas,79989,8-(736)519-8113
05492 Cascade Point,Washington,District of Columbia,20557,0-(796)872-5438
1031 Stone Corner Way,Amarillo,Texas,79171,6-(715)029-1646
21483 Commercial Lane,Chandler,Arizona,85246,3-(603)014-0396
29233 Fallview Lane,Richmond,Virginia,23272,8-(898)189-0373
49 Lien Street,Detroit,Michigan,48206,4-(472)751-2150
49 Donald Junction,Torrance,California,90505,5-(224)822-6631
77 Mesta Parkway,Albany,New York,12205,9-(305)901-0086
4411 Gerald Crossing,Brooklyn,New York,11247,4-(717)164-6500
980 Merry Street,Sacramento,California,94273,7-(528)105-1284
9066 Ohio Road,Frederick,Maryland,21705,2-(117)369-5665
59508 Transport Place,Austin,Texas,78715,8-(832)958-8952
275 Stang Trail,Colorado Springs,Colorado,80905,5-(665)741-4850
58582 Mayer Terrace,New York City,New York,10090,6-(673)750-8156
90 West Junction,San Diego,California,92165,8-(395)789-4439
98289 Moose Way,Grand Rapids,Michigan,49560,3-(994)580-0559
73 Del Mar Pass,Atlanta,Georgia,30340,0-(581)327-3721
9349 Declaration Plaza,Dallas,Texas,75392,7-(678)659-8755
2 Lunder Hill,Indianapolis,Indiana,46221,3-(869)042-4719
5 Charing Cross Park,Lake Charles,Louisiana,70607,7-(983)247-0129
216 Knutson Terrace,Columbus,Ohio,43284,5-(970)453-7735
99 Stoughton Crossing,Fort Smith,Arkansas,72905,9-(746)606-9284
19 Nobel Crossing,Berkeley,California,94712,1-(208)175-5385
00396 Sunbrook Way,Fort Worth,Texas,76129,0-(864)256-9588
3466 Washington Court,Brooklyn,New York,11236,6-(480)219-5359
6 Scoville Hill,Terre Haute,Indiana,47812,9-(650)936-5382
128 North Plaza,Houston,Texas,77276,0-(314)929-1987
39646 Monica Alley,Des Moines,Iowa,50305,7-(311)183-3304
166 Mockingbird Avenue,Minneapolis,Minnesota,55458,4-(940)466-1956
74073 Lakewood Gardens Avenue,Miami,Florida,33190,7-(658)001-1611
396 Carey Center,Austin,Texas,78789,2-(209)023-5597
37167 Di Loreto Hill,San Jose,California,95133,0-(450)902-2159
02373 Mifflin Pass,Pocatello,Idaho,83206,0-(045)424-0469
912 Sutteridge Plaza,Pueblo,Colorado,81015,6-(233)052-0760
93917 Caliangt Alley,Norfolk,Virginia,23504,0-(542)486-7071
48 Moose Park,Greensboro,North Carolina,27425,3-(695)885-3381
199 Morningstar Court,Cincinnati,Ohio,45243,8-(681)163-6823
1 Anzinger Point,Boston,Massachusetts,02208,3-(440)367-3358
7 1st Junction,Richmond,Virginia,23208,7-(876)453-5328
4 Maple Crossing,Bakersfield,California,93386,2-(113)332-9946
853 Almo Way,Oklahoma City,Oklahoma,73114,0-(897)420-5113
62065 Lukken Pass,Saint Louis,Missouri,63143,6-(908)976-9883
30 Ridge Oak Place,Edmond,Oklahoma,73034,0-(048)371-3202
6601 Macpherson Circle,Glendale,Arizona,85311,1-(331)318-3365
781 Rusk Plaza,Santa Ana,California,92705,8-(701)306-3468
6812 Quincy Point,Memphis,Tennessee,38109,6-(438)287-6075
9 Maryland Hill,Houston,Texas,77266,2-(112)188-9443
57 Waywood Alley,San Francisco,California,94110,3-(119)730-6038
098 Eastlawn Court,Las Vegas,Nevada,89155,2-(362)390-8400
5784 Cottonwood Alley,Newark,New Jersey,07195,4-(440)743-2620
880 Reinke Plaza,Erie,Pennsylvania,16565,2-(433)939-7776
6037 Fisk Circle,Toledo,Ohio,43656,2-(059)061-3143
17 Quincy Park,Sioux City,Iowa,51105,5-(851)208-1350
4 Grim Center,Houston,Texas,77060,5-(218)673-7015
3468 Service Crossing,Ashburn,Virginia,22093,1-(601)876-0157
76 1st Trail,Henderson,Nevada,89074,1-(122)708-3238
4 La Follette Avenue,San Diego,California,92186,3-(000)233-3343
40089 Reinke Way,San Diego,California,92170,4-(278)944-6546
81919 Grover Plaza,Richmond,Virginia,23277,0-(347)659-9066
4695 Sugar Point,Cincinnati,Ohio,45213,2-(216)174-4483
7 Vahlen Hill,Wilmington,Delaware,19805,7-(012)964-4669
5 Old Gate Avenue,Shreveport,Louisiana,71137,3-(450)304-0876
66 Sutherland Plaza,Chandler,Arizona,85246,2-(289)253-1742
208 Brickson Park Terrace,San Francisco,California,94116,0-(364)203-4718
4473 Ramsey Trail,El Paso,Texas,88530,3-(780)165-3054
05012 Karstens Road,Baltimore,Maryland,21239,6-(410)566-5531
6563 Anderson Parkway,Mobile,Alabama,36622,2-(171)828-3881
317 Rutledge Alley,Richmond,Virginia,23293,5-(746)134-3066
79350 Hallows Junction,Stockton,California,95205,4-(602)082-0877
36916 Sage Trail,Sparks,Nevada,89436,2-(963)087-2427
1440 Crescent Oaks Alley,Flint,Michigan,48505,7-(232)190-1686
811 Michigan Park,North Las Vegas,Nevada,89087,2-(095)523-8341
825 Erie Circle,Amarillo,Texas,79118,0-(931)467-2314
94722 Lunder Pass,Virginia Beach,Virginia,23471,7-(280)615-6212
1 Huxley Court,Columbia,South Carolina,29208,7-(313)765-7752
26 Esch Circle,Wilmington,Delaware,19886,6-(309)921-9436
8 Nevada Junction,Austin,Texas,78783,1-(878)790-1138
3361 Sunbrook Road,Springfield,Missouri,65805,0-(676)716-1838
6700 Farragut Crossing,Helena,Montana,59623,1-(393)295-0503
60 Farwell Alley,Richmond,Virginia,23203,9-(083)881-4403
